{"recon_loss": [0.2168874740600586, 0.24449841678142548, 0.22851932048797607, 0.22741010785102844, 0.22369055449962616, 0.24294351041316986, 0.23946574330329895, 0.21590304374694824, 0.2193540781736374, 0.23886370658874512, 0.25613290071487427, 0.23118984699249268, 0.19030125439167023], "latent_loss": [0.3042011559009552, 0.35310983657836914, 0.361569881439209, 0.3459874987602234, 0.33461374044418335, 0.33632534742355347, 0.31540948152542114, 0.26196280121803284, 0.26963335275650024, 0.28569549322128296, 0.3176584243774414, 0.3061847686767578, 0.2450151890516281], "mse_loss": [0.23436366766691208, 0.22956635802984238, 0.23032761116822562, 0.2281892392784357, 0.22696459740400315, 0.2261992326627175, 0.22541840906654084, 0.22513181623071432, 0.2236857774357001, 0.22494896575808526, 0.2252072041684931, 0.22584908238301674, 0.22499300549980913]}